<?xml version="1.0" encoding="UTF-8"?>

<config xmlns="http://web-harvest.sourceforge.net/schema/1.0/config" scriptlang="groovy">

  <script><![CDATA[
        website_link = "https://invoiceplane.workfusion.com";
        home_page_link = "https://invoiceplane.workfusion.com/index.php/dashboard";
    ]]></script>

  <secure-store-get alias="InvoicePlane_87796"/>

    <var-def name="columns">      
        id,item,quantity,price,description
    </var-def>

     <script><![CDATA[
	first_invoice = new ArrayList();
	second_invoice = new ArrayList();
	invoices = new ArrayList();
	screenshot_collection = new ArrayList();
     ]]></script>

   

<loop item="productRow">
        <list>
            <datastore name="Invoices_Kiran_Talreja ">
                select * from @this;
            </datastore>
        </list>
        <body>

            <script><![CDATA[
		String[] outputColumns = org.apache.commons.lang.StringUtils.split(columns.toString(), ",");
                Map product = new LinkedHashMap();
              	for (String column : outputColumns) {
              	product.put(column, productRow.get(column).toString());
              }
                if(productRow.get("id").toString().equals("1")){
                    first_invoice.add(product);
                } else {
                    second_invoice.add(product);
                }
            ]]></script>
        </body>
</loop>

    <script><![CDATA[
    invoices.add(first_invoice);
    invoices.add(second_invoice);
    username="${secureEntryMap.getWrappedObject().get('InvoicePlane_87796').getKey()}"
    password="${secureEntryMap.getWrappedObject().get('InvoicePlane_87796').getValue()}"

    ]]></script>
    <selenium-flow>
      <selenium name="seleniumDriver" browser="chrome" close-on-completion="true">
        <script><![CDATA[
       	    import org.openqa.selenium.support.ui.Select;
            driver = seleniumDriver.getWrappedObject();              
            driver.get(website_link);
            //authorization
            driver.findElement(By.id("email")).sendKeys(username);          
            driver.findElement(By.id("password")).sendKeys(password);
            driver.findElement(By.name("btn_login")).click();
            for(invoice in invoices){
            //invoices navigation
            WebElement invoices_dropdown = (new WebDriverWait(driver, 10)).until(ExpectedConditions.presenceOfElementLocated(By.xpath("//span[text() = 'Invoices']")))
            invoices_dropdown.click();
            driver.findElement(By.linkText("Create Invoice")).click();
  	   // general invoice form creation
            WebElement client_name = (new WebDriverWait(driver, 10)).until(ExpectedConditions.presenceOfElementLocated(By.id("client_name")));
            Select client = new Select(client_name);
	    client.selectByVisibleText("Apple");
            Select invoice_group = new Select(driver.findElement(By.id("invoice_group_id")));
            invoice_group.selectByVisibleText("Invoice Default");
            driver.findElement(By.id("invoice_create_confirm")).click();
            // extended invoice form creation
            WebElement payment_method = (new WebDriverWait(driver, 10)).until(ExpectedConditions.presenceOfElementLocated(By.id("payment_method")));
            Select payment = new Select(payment_method);
            payment.selectByVisibleText("Paypal");
	    for(product in invoice){
	    WebElement item_name = driver.findElement(By.xpath('/html/body/div[2]/div[5]/form/div/div[2]/table/tbody[last()]/tr[1]/td[2]/div/input'));
	    ((JavascriptExecutor) driver).executeScript("arguments[0].scrollIntoView(true);", item_name);
	    item_name.sendKeys(product.get("item"));
	    WebElement item_quantity = driver.findElement(By.xpath('(//input[@name="item_quantity"])[last()]'));
	    ((JavascriptExecutor) driver).executeScript("arguments[0].scrollIntoView(true);", item_quantity);
	    item_quantity.sendKeys(product.get("quantity"));
	    WebElement item_price = driver.findElement(By.xpath('(//input[@name="item_price"])[last()]'));
	    ((JavascriptExecutor) driver).executeScript("arguments[0].scrollIntoView(true);", item_price);
	    item_price.sendKeys(product.get("price"));
	    WebElement item_description = driver.findElement(By.xpath('(//textarea[@name="item_description"])[last()]'));
            ((JavascriptExecutor) driver).executeScript("arguments[0].scrollIntoView(true);", item_description);
            item_description.sendKeys(product.get("description"));
	    WebElement add_row_button = driver.findElement(By.xpath('(//a[@class="btn_add_row btn btn-sm btn-default"])[last()]'));
	    ((JavascriptExecutor) driver).executeScript("arguments[0].scrollIntoView(true);", add_row_button);
	    add_row_button.click();
	    }	
	    WebElement invoice_discount = driver.findElement(By.id("invoice_discount_percent"));
	    ((JavascriptExecutor) driver).executeScript("arguments[0].scrollIntoView(true);", invoice_discount);
	    invoice_discount.sendKeys("10");
	    WebElement save_button = driver.findElement(By.id("btn_save_invoice"));
	    ((JavascriptExecutor) driver).executeScript("arguments[0].scrollIntoView(true);", save_button);
	    //screenshot taking
            byte[] screen = ((TakesScreenshot)driver).getScreenshotAs(OutputType.BYTES);
            screenshot_collection.add(screen);
	    //saving invoice
	    save_button.click();
	    driver.get(home_page_link);
            }
            //invoices data scraping
     	     WebElement invoices_dropdown = (new WebDriverWait(driver, 10)).until(ExpectedConditions.presenceOfElementLocated(By.xpath("//span[text() = 'Invoices']")));	
            invoices_dropdown.click();
            driver.findElement(By.linkText("View Invoices")).click();
            (new WebDriverWait(driver, 10)).until(ExpectedConditions.presenceOfElementLocated(By.id("content")));
            //screenshot taking
	    byte[] screen = ((TakesScreenshot)driver).getScreenshotAs(OutputType.BYTES);
       	    screenshot_collection.add(screen);
    	    rows_in_the_table = driver.findElements(By.xpath("//table/tbody/tr"));
	    result_data = new ArrayList();
  	    for(int i = 0; i < rows_in_the_table.size(); i++){
  	    cells_in_the_row = new LinkedHashMap();
	    cells_in_the_row.put("Status", driver.findElement(By.xpath("//tr["+(i+1)+"]/td[1]")).getText());
	    cells_in_the_row.put("ID", driver.findElement(By.xpath("//tr["+(i+1)+"]/td[2]")).getText());
            cells_in_the_row.put("Created", driver.findElement(By.xpath("//tr["+(i+1)+"]/td[3]")).getText());
            cells_in_the_row.put("Due Date", driver.findElement(By.xpath("//tr["+(i+1)+"]/td[4]")).getText());
	    cells_in_the_row.put("Client Name", driver.findElement(By.xpath("//tr["+(i+1)+"]/td[5]")).getText());
            cells_in_the_row.put("Amount", driver.findElement(By.xpath("//tr["+(i+1)+"]/td[6]")).getText());
            cells_in_the_row.put("Balance", driver.findElement(By.xpath("//tr["+(i+1)+"]/td[7]")).getText());
            result_data.add(cells_in_the_row);
  	    }
        ]]></script>
      </selenium>
    </selenium-flow>
<script>

<![CDATA[
import org.apache.poi.ss.usermodel.Cell;
import org.apache.poi.ss.usermodel.Row;
import org.apache.poi.ss.usermodel.Sheet;
import org.apache.poi.ss.usermodel.Workbook;
import org.apache.poi.ss.util.CellReference;
import org.apache.poi.xssf.streaming.SXSSFWorkbook;
import org.apache.commons.io.FileUtils;
import java.io.File;
sheetCnt= 1;
rowCnt = result_data.size();
fullPath= "invoices.xlsx";
    // create Excel doc and sheet
    xlsTable = new SXSSFWorkbook();
    sheet= xlsTable.createSheet();
    //creating table header
    headers_map = result_data.get(0);
    row = sheet.createRow(0);
    for (int j = 0; j < headers_map.size(); j++){
    cell = row.createCell(j);
String value = (new ArrayList<String>(headers_map.keySet())).get(j);
        cell.setCellValue(value);
    }
    //table filling

    for (int i = 1; i < result_data.size(); i++){
    values_map = result_data.get(i);
        row = sheet.createRow(i);
        for(int j = 0; j < values_map.size(); j++){
        cell = row.createCell(j);
String value = (new ArrayList<String>(values_map.values())).get(j);
        cell.setCellValue(value);
        }
    }
    File excelfile = new File(fullPath);
    out = new FileOutputStream(excelfile);
    xlsTable.write(out);
    out.close();
    xlsTable.dispose();
excelFileByteArray = FileUtils.readFileToByteArray(excelfile);
sys.defineVariable("excelFileByteArray", excelFileByteArray);]]>
</script>
<var-def name="excelS3Location">
        <s3 bucket="temp.bucket">
            <s3-put path="Kiran_Talreja/invoices.xlsx"  content-type="application/vnd.ms-excel" content-disposition="inline" acl="PublicRead">
              <script return='excelFileByteArray'/>
            </s3-put>
        </s3>
</var-def>
<loop item="screen" index="index">
<list>
<script return="screenshot_collection" />
</list>
<body>
<var-def name="screen${index}">
<s3 bucket="temp.bucket">
<s3-put path="Kiran_Talreja/screenshots/screen${index}.png"
content-type="image/png" content-disposition="inline" acl="PublicRead">
<script return='screen'/>
</s3-put>
</s3>
</var-def>
</body>
</loop>
    <export include-original-data="true">
    <single-column name="invoice_1" value="${screen1}" />
    <single-column name="invoice_2" value="${screen2}" />
    <single-column name="all_invoices_screen" value="${screen3}" />
    <single-column name="excel_s3_location" value="${excelS3Location.toString()}"/>
    </export>
</config>