<?xml version="1.0" encoding="UTF-8"?>
<config xmlns="http://web-harvest.sourceforge.net/schema/1.0/config"
	scriptlang="groovy">

	<selenium-flow>
		<selenium name="seleniumDriver" browser="chrome"
			close-on-completion="true" start-in-private="true">
			<script><![CDATA[
				import java.util.concurrent.TimeUnit;
				import org.openqa.selenium.*;
				import com.google.gson.Gson

				driver = seleniumDriver.getWrappedObject();
				driver.manage().timeouts()
						.implicitlyWait(10, TimeUnit.SECONDS)
						.pageLoadTimeout(10, TimeUnit.SECONDS)
				driver.get("https://invoiceplane.workfusion.com ")
				driver.findElement(By.id("email")).sendKeys("admin@workfusion.com");
				driver.findElement(By.id("password")).sendKeys("o66Lc1Jn6Z");
				driver.findElement(By.name("btn_login")).click();
				driver.findElement(By.xpath("//span[contains(text(), 'Products')]")).click();
				driver.findElement(By.xpath("//a[contains(text(), 'View products')]")).click();

				exportItems = new ArrayList();

				int rowCount =  driver.findElements(By.xpath("//div[@id='content']/div/table/tbody/tr/td[1]")).size();
				for (int itr = 1; itr < rowCount; itr ++){
					Map exportItem = new HashMap();
					exportItem.put("family", driver.findElement(By.xpath("//div[@id='content']/div/table/tbody/tr[" + itr + "]/td[1]")).getText())
					exportItem.put("sku", driver.findElement(By.xpath("//div[@id='content']/div/table/tbody/tr[" + itr + "]/td[2]")).getText())
					exportItem.put("product_name", driver.findElement(By.xpath("//div[@id='content']/div/table/tbody/tr[" + itr + "]/td[3]")).getText())
					exportItem.put("product_description", driver.findElement(By.xpath("//div[@id='content']/div/table/tbody/tr[" + itr + "]/td[4]")).getText())
					exportItem.put("price", driver.findElement(By.xpath("//div[@id='content']/div/table/tbody/tr[" + itr + "]/td[5]")).getText())
					exportItems.add(exportItem);
				}
				sys.defineVariable("exportItemsList", new Gson().toJson(exportItems))
			]]></script>
		</selenium>
	</selenium-flow>

	<var-def name="excelFile">
		<list-to-excel format="xlsx">
			<var name="exportItemsList" />
		</list-to-excel>
	</var-def>

	<var-def name="excelFileName">
		<template>products-${new Date().format('dd-MM-yyyy_HH:mm:ss')}.xlsx</template>
	</var-def>

	<!-- <var-def name="s3">
		<s3 bucket="temp.bucket">
			<s3-put path="TatyanaEm/${excelFileName}" acl="PublicReadWrite">
				<script return='excelFile' />
			</s3-put>
		</s3>
	</var-def>
 -->
	<export include-original-data="true">
		<multi-column list="${exportItems}" split-results="true">
			<put-to-column-getter name="family" property="family" />
			<put-to-column-getter name="sku" property="sku" />
			<put-to-column-getter name="product_name"
				property="product_name" />
			<put-to-column-getter name="product_description"
				property="product_description" />
			<put-to-column-getter name="price" property="price" />
		</multi-column>
	</export>

</config>