<?xml version="1.0" encoding="UTF-8"?>
<config xmlns="http://web-harvest.sourceforge.net/schema/1.0/config" scriptlang="groovy" >
  <script><![CDATA[
                              import com.thoughtworks.selenium.*;
                              import com.thoughtworks.selenium.webdriven.WebDriverBackedSelenium;
                              import org.openqa.selenium.*;
                              import org.openqa.selenium.remote.RemoteWebDriver;
                              import org.openqa.selenium.interactions.Actions;
                              import org.openqa.selenium.Keys;
                              
               ]]></script>          
 
<selenium-flow>
<selenium name="seleniumDriver" browser="chrome" close-on-completion="false"  start-in-private="true"  >
<script><![CDATA[
          import java.util.HashMap;
            import java.util.ArrayList;
           
                   import java.util.concurrent.TimeUnit;
                   import com.google.gson.*;
                   import com.google.gson.reflect.TypeToken;
                   // get internet provider
                ieDriver = seleniumDriver.getWrappedObject();
                ieDriver.manage().timeouts().implicitlyWait(1, TimeUnit.MINUTES).pageLoadTimeout(1, TimeUnit.MINUTES);
                   String appUrl = "https://demo.invoiceplane.com";
 
                  ieDriver.get(appUrl);
                  
                 
                   login = ieDriver.findElement(By.xpath("//*[@id='email']"));
                  login.click()
                  login.clear()
                  login.sendKeys("demo@invoiceplane.com")
                 
                   pwd = ieDriver.findElement(By.xpath("//*[@id='password']"));
                  pwd.click()
                  pwd.clear()
                  pwd.sendKeys("demopassword")
                 
                   ieDriver.findElement(By.xpath("//*[@id='login']/form/button")).click();
                 
                   ieDriver.findElement(By.xpath("//*[@id='ip-navbar-collapse']/ul[1]/li[8]/a/span")).click();
                 
                   ieDriver.findElement(By.xpath("//*[@id='ip-navbar-collapse']/ul[1]/li[8]/ul/li[1]/a")).click();
                  ieDriver.findElement(By.xpath("//*[@id='report_options']/div[2]/form/input[2]")).click();
                  Thread.sleep(2000);
                  //ieDriver.getKeyboard().sendKeys(new String[]{"{CTRLDOWN}s{CTRLUP}"});
                 
 ]]></script>
</selenium>
<selenium name="autoitDriver" browser="autoit" close-on-completion="true">
            <script><![CDATA[
            import java.text.DateFormat;
            import java.text.SimpleDateFormat;
            import java.util.Date;
              import org.apache.commons.io.FileUtils;
 
            DateFormat dateFormat = new SimpleDateFormat("MM_dd_yyyy_(HH_mm_ss)");
            String date1= dateFormat.format(new Date());
            binding.putAt("date1",date1)
                aDriver = autoitDriver.getWrappedObject();
                aDriver.switchTo().window("[CLASS:Chrome_WidgetWin_1;TITLE:Invoice Aging - Google Chrome]");
                   // aDriver.getKeyboard().sendKeys("^s");
                aDriver.getKeyboard().sendKeys("{CTRLDOWN}s{CTRLUP}");
                Thread.sleep(1000);
                aDriver.switchTo().window("[CLASS:#32770;TITLE:Save As]");
                Thread.sleep(1000);
                String pdfname = aDriver.findElement(By.cssSelector("[CLASS:Edit;INSTANCE:1]")).getText();
               pdfname= pdfname.replace('.pdf', '')
               println(pdfname)
                String fileLocalPath= "C:\\RPA\\" + pdfname + "_" + date1 + ".pdf" ;
               
                aDriver.findElement(By.cssSelector("[CLASS:Edit;INSTANCE:1]")).sendKeys(fileLocalPath);
                aDriver.findElement(By.cssSelector("[CLASS:Button;INSTANCE:1]")).click();
               
                Object res = aDriver.executeScript(
                        "def bytes = new File('" + fileLocalPath.replace('\\', '/') + "').bytes; \n"
                            + "return Base64.getEncoder().encodeToString(bytes);", "GROOVY");
 
            byte[] fileBytes = Base64.getDecoder().decode(res.toString());
                binding.putAt("fileBytes", fileBytes);
                ]]></script>
        </selenium>
       
 
</selenium-flow>
 
<var-def name="link_url">
<s3 bucket='temp.bucket'>
      <s3-put path="Kiran_Talreja/Aging_Report_${date1}.PDF">
        <script return='fileBytes'/>
     </s3-put>
</s3>
</var-def>
    <export include-original-data="true">
    <single-column name="Link_to_File" value="${link_url}"/>
    </export>
 
</config>
 