<?xml version="1.0" encoding="UTF-8"?>
<config xmlns="http://web-harvest.sourceforge.net/schema/1.0/config" scriptlang="groovy">
<selenium-flow>
    <selenium browser="autoit" name="aDriver" close-on-completion="false">
       
        <script><![CDATA[
         import java.util.concurrent.TimeUnit;
           /*  sDriver = aDriver.getWrappedObject(); */
            
			  String fileName="Kiran_Talreja"
              String beginPrivateKey="-----BEGIN RSA PRIVATE KEY-----"
              String endPrivateKey="-----END RSA PRIVATE KEY-----"
              String beginPublicKey="ssh-rsa"
              String endPublicKey="kiran.talreja@gmail.com"
			
           sDriver = aDriver.getWrappedObject();
            sDriver.manage().timeouts().implicitlyWait(1, TimeUnit.MINUTES).pageLoadTimeout(1, TimeUnit.MINUTES);
           /* final String puttyPath = "D:\\putty.exe -ssh traning@traning-ssh.workfusion.com -pw dEFgEmzL"; */
           
			sDriver.get("putty.exe -ssh traning@traning-ssh.workfusion.com -pw dEFgEmzL");
            Thread.sleep(1000);
            sDriver.switchTo().window("[CLASS:PuTTY]");
              Thread.sleep(2000);
            sDriver.getKeyboard().sendKeys("ssh-keygen -t rsa -C 'kiran.talreja@gmail.com' {ENTER}");
            Thread.sleep(1000);
            sDriver.getKeyboard().sendKeys(fileName + "{ENTER}");
           
            String windowContent = sDriver.findElement(By.cssSelector("")).getAttribute("ACTION_PUTTY_COPY_ALL_TEXT");
           
            if(windowContent.endsWith("Overwrite (y/n)?\n")) {
                        sDriver.getKeyboard().sendKeys("y {ENTER}")
                        Thread.sleep(1000)
              }
              Thread.sleep(1000);
               sDriver.getKeyboard().sendKeys("{ENTER}")
              Thread.sleep(1000);
               sDriver.getKeyboard().sendKeys("{ENTER}")
              Thread.sleep(1000);
             
               sDriver.getKeyboard().sendKeys("cat "+fileName+"{ENTER}")
              Thread.sleep(1000);
              windowContent = sDriver.findElement(By.cssSelector("")).getAttribute("ACTION_PUTTY_COPY_ALL_TEXT");
            //private key
           
            int beginIndex = windowContent.indexOf(beginPrivateKey)
              int endIndex = windowContent.indexOf(endPrivateKey) + endPrivateKey.length()
              String privateKey = windowContent.substring(beginIndex, endIndex)
              sys.defineVariable("privateKey", privateKey)
            Thread.sleep(1000);
       
           
            //public key
        
            sDriver.getKeyboard().sendKeys("cat "+fileName+".pub{ENTER}")
              Thread.sleep(1000);
             
              windowContent="";
              windowContent = sDriver.findElement(By.cssSelector("")).getAttribute("ACTION_PUTTY_COPY_ALL_TEXT");
          
            beginIndex = windowContent.indexOf(beginPublicKey)
          
              endIndex = windowContent.lastIndexOf(endPublicKey) + endPublicKey.length()
             
              String publicKey = windowContent.substring(beginIndex, endIndex)
              sys.defineVariable("publicKey", publicKey)
            Thread.sleep(1000);
          
              ]]></script>
             
          </selenium>
</selenium-flow>  
    <export include-original-data="true">
    <single-column name="Private Key" value="${privateKey}"></single-column>
    <single-column name="Public Key" value="${publicKey}"></single-column>
    </export>
 
</config>